respuesta,predictor,rho_cuasi,rho_transicion,domina_etapa,delta_abs_rho
orden_S,V,-0.44310099573257467,0.3004048582995951,cuasi,0.14269613743297954
orden_S,gamma_dot,-0.2968231389284021,0.004251012145748988,cuasi,0.29257212678265315
orden_S,omega,-0.268610715979137,0.0728744939271255,cuasi,0.1957362220520115
sigma_iso,V,0.3364153627311522,0.7753036437246964,transicion,-0.4388882809935442
sigma_iso,gamma_dot,-0.20341394025604548,0.5455465587044535,transicion,-0.342132618448408
sigma_iso,omega,-0.21052631578947367,0.5746963562753037,transicion,-0.36417004048583
