respuesta,predictor,rho_cuasi,rho_transicion,domina_etapa,delta_abs_rho
orden_S,V,0.2737580362361193,0.5596142606662771,transicion,-0.2858562244301578
orden_S,gamma_dot,0.05856224430157803,0.4005260081823495,transicion,-0.3419637638807715
orden_S,omega,0.08147282291057863,0.40344827586206905,transicion,-0.32197545295149044
sigma_iso,V,0.0669199298655757,0.09655172413793105,transicion,-0.02963179427235535
sigma_iso,gamma_dot,-0.009585037989479838,0.07481005260081824,transicion,-0.06522501461133841
sigma_iso,omega,-0.028638223261250737,0.07434248977206313,transicion,-0.0457042665108124
