respuesta,predictor,rho_cuasi,rho_transicion,domina_etapa,delta_abs_rho
orden_S,V,-0.3786565108175999,0.2900089133781703,cuasi,0.08864759743942957
orden_S,gamma_dot,-0.3370067255489831,-0.03281743780892959,cuasi,0.3041892877400535
orden_S,omega,-0.3250141803743619,0.029414147962077627,cuasi,0.2956000324122843
sigma_iso,V,0.3789806336601573,0.7768414228992789,transicion,-0.39786078923912166
sigma_iso,gamma_dot,-0.13653674742727495,0.5755611376711774,transicion,-0.4390243902439025
sigma_iso,omega,-0.11822380682278584,0.5964670610161251,transicion,-0.4782432541933393
