respuesta,predictor,rho_cuasi,rho_transicion,domina_etapa,delta_abs_rho
orden_S,V,-0.44310099573257467,0.3004048582995951,cuasi,0.14269613743297954
orden_S,gamma_dot,-0.293266951161688,0.0018218623481781378,cuasi,0.29144508881350983
orden_S,omega,-0.268610715979137,0.06902834008097167,cuasi,0.19958237589816533
sigma_iso,V,0.3364153627311522,0.7753036437246964,transicion,-0.4388882809935442
sigma_iso,gamma_dot,-0.19724988146040778,0.5489878542510122,transicion,-0.35173797279060437
sigma_iso,omega,-0.21052631578947367,0.5775303643724696,transicion,-0.36700404858299596
