zona,tomas,filas,frac_tiempo_med,V_med,omega_med,gamma_dot_med
Vf2c3,5,257,0.535601541416326,2.2040799893960976,2.8856754301064447,18.45544386456622
Vf2c2,11,1384,0.5303891848304151,4.970862079539932,1.1341586392511327,7.432531779161059
Vf2c1,11,3517,0.4798203449342807,10.278197090929618,0.6082084296052249,1.0763836588378346
Vf1c1,11,4770,0.3643260326316428,13.120538122006689,3.343627129240333,5.51726663839181
Vf1c2,5,121,0.3621975443793591,5.460326875132917,0.4104977946402514,0.6932052700134443
