n_comparado,acuerdo_E1_E2,acuerdo_E1_E3,acuerdo_E2_E3,toma
8,1.0,1.0,1.0,m70
18,0.9444444444444444,1.0,0.9444444444444444,m73
17,1.0,1.0,1.0,m74
15,1.0,1.0,1.0,m75
7,1.0,1.0,1.0,m77
0,,,,m80
0,,,,m83
0,,,,m86
0,,,,m87
4,1.0,1.0,1.0,m91
12,1.0,1.0,1.0,m94
7,1.0,1.0,1.0,m95
